# 补充词条：源码里没有单独出现、但经过「第 N 天」等固定句式处理后会剩下的片段，以及按语境取词（语境|中文）
到期：先与主持人确认是否扣1生命	is due: check with the host whether to lose 1 HP
的个人行动未标记为已使用	— personal action not marked as used
label|口渴	Thirst
label|饥饿	Hunger
中文	中文
切换到中文	切换到中文
记录当前天数：	Current day recorded:
获得 · 	acquired ·
提醒	reminder
到期（获得于	is due (acquired
）。每两个回合失去1生命——请先与主持人确认，避免两端重复扣血。	). You lose 1 HP every two turns — check with the host first so it isn't deducted twice.
；下次提醒	; next reminder
流血伤口：主持人裁定本次不扣血；下次提醒	Bleeding wound: host ruled no HP loss this time; next reminder
获得于	Acquired
（主持人确认后扣血）	 (HP lost after the host confirms)
添加流血伤口：	Added bleeding wound:
获得，	acquired,
【演示】	[Demo] 
在超市割伤	cut at the supermarket
修改流血日期：	Bleeding dates changed:
获得，下次	acquired, next
【赠予／交易·	[Gift/trade ·
【交公·	[To pool ·
【治疗·	[Treatment ·
开始搜刮（	Started scavenging (
选择 	picked 
超时，按默认项记录	timed out; default recorded
选 	picked 
【搜刮交公·	[Scavenge to pool ·
的行动	action
【分数上报·	[Score report ·
进入	Go to
phase-no|开	S
phase-no|事	E
switch|开	On
switch|关	Off
已记录的当日数据会被丢弃。	— recorded data will be discarded. 
已记录的数据（行动、名单、事件判定、公开结果等）将被丢弃。	— recorded data (actions, rosters, event rolls, public results, etc.) will be discarded. 
将恢复	Will restore
的当日记录与当天结束时的座次。	records and its end-of-day seating. 
回退到	Go back to
跨日回退：	Cross-day rollback:
结束今天，进入	End today, go to
有一条待公布的守夜结果（	A watch result is waiting to be announced (
）。内容可在「守夜」页预览（需先暂停共享）。	). Preview it on the Watch page (pause sharing first).
公布昨夜结果（	Announced last night's result (
：固定指定	: fixed assignment
【开局领取	[Opening pickup
·固定指定】\n	 · fixed assignment]\n
（固定指定）：	 (fixed assignment): 
完成（固定指定）	done (fixed assignment)
【守夜候选·	[Watch options ·
【守夜拍板·	[Watch decision ·
 名单	 
末位选	Last seat picks
已于	announced on
 公布	 
的结果尚未公布，保存会覆盖它。确定吗？	— its result isn't announced yet; saving overwrites it. Continue?
结果草稿：	result draft:
已按权重抽取（	Drawn by weight (
已手动选择	Chosen by hand
【事件结果·	[Event result ·
避难所 Playtest · 主持人	Shelter Playtest · Host
避难所 Playtest · 玩家	Shelter Playtest · Player
主持人面板	Host panel
玩家面板	Player panel
条	 entries
第 	Day 
 天	 
 份	 
tab-short|总览	Home
tab-short|状态	Status
tab-short|库存	Items
tab-short|搜刮	Loot
tab-short|行动	Action
tab-short|分数	Score
tab-short|存档	Save
代码是	The code was drawn on
抽的，现在是	; it is now
【守夜提交·	[Watch submission ·
收到	Received
的守夜名单码：	watch list code:
导入）	imported)
卡片是	This card was drawn on
卡片上有不在玩家名单里的名字	The card has names that aren't on the player list
确认名单时不会自动算进去，可手动勾选	not counted automatically when confirming; tick them by hand
玩家发来了一张守夜卡片	A player sent you a watch card
卡片内容是秘密：请先停止或切换屏幕共享，再查看。	The card is secret: stop or switch your screen share before viewing it.
可抽	Drawable
本局已用	Used this game
已重抽	rerolls
# 联机：一页生成、另一页显示的文字（公开结果、补给名、回复、事件结果通知、治疗说明）
今晚守夜：	Tonight's watch: 
：投票「	: vote “
结算（部分分数／待裁定）：	Settlement (partial / pending rulings): 
最终结算：	Final settlement: 
（*含待定项）	 (*includes TBD items)
每日补给	Daily supply
开局领取第1次	Opening pickup #1
开局领取第2次	Opening pickup #2
其他发放	Other handout
发放	Handout
开局	Opening
今天的守夜名单已经确认，你的卡片没有加进候选。	Today's watch roster is already confirmed; your card was not added to the candidates.
这次投票已经结束，你的票没有计入。	This vote has ended; your vote was not counted.
已死亡的玩家不能投票。	Dead players cannot vote.
主持人页没有记录你的行动：	The host page did not record your action: 
你的页面天数和主持人不一致，请等页面同步后再选。	your page's day differs from the host's — wait for it to sync, then choose again.
游戏还没开始。	the game hasn't started yet.
换位要双方同意：轮到你时告诉主持人想和谁换，由主持人记录结果。	A swap needs both sides to agree: on your turn, tell the host who you want to swap with; the host records the result.
你今天的行动已经记录，改成「	Your action for today is already recorded, so changing it to “
」没有生效：要改请直接找主持人。	” had no effect — ask the host directly to change it.
使用技能	Use skill
换位请求	Swap request
计划守夜名单	Plan watch roster
其他行动	Other action
放弃行动	Pass
主持人撤回了「	The host withdrew what you received in “
」里领到的这件	”
这批补给已经结束	This supply batch has ended
还没轮到你：现在轮到 	Not your turn yet — now picking: 
这批补给已经领完	This supply batch has all been picked
这件已经被选走或不在候选里：请重新选	That item was already taken or isn't in the batch: please choose again
个人效果（对象：	Personal effects (target: 
见主持人说明	see the host's notes
属于你的个人效果：点「应用」自动修改你的生命、状态与物品。	If these personal effects are yours, tap “Apply” to update your HP, statuses and items automatically.
这次没有个人效果，看过即可。	No personal effects this time — just for your information.
绷带：恢复1生命	Bandage: restore 1 HP
绷带：止血（清除一处流血伤口）	Bandage: stopped bleeding (cleared one bleeding wound)
医疗箱：清除伤病类负面状态，并恢复2生命	Medkit: clear injury-type negative statuses and restore 2 HP
搜刮交公	Scavenge hand-in
